"sno";"name";"priority"
"46";"i";"0"
"47";"h";"0"
"48";"h";"0"
"49";"d";"0"
"50";"d";"0"
"51";"i";"0"
"52";"h";"0"
"53";"h";"0"
"54";"d";"0"
"55";"d";"0"
"56";"i";"0"
"57";"h";"0"
"58";"h";"0"
"59";"d";"0"
"60";"d";"0"
"61";"d";"0"
"62";"i";"0"
"63";"h";"0"
"64";"h";"0"
"65";"d";"0"
"66";"d";"0"
"67";"i";"0"
"68";"h";"0"
"69";"h";"0"
"70";"d";"0"
"71";"d";"0"
"72";"i";"0"
"73";"h";"0"
"74";"h";"0"
"75";"d";"0"
"76";"d";"0"
"77";"i";"0"
"78";"h";"0"
"79";"h";"0"
"80";"d";"0"
"81";"d";"0"
"82";"i";"0"
"83";"h";"0"
"84";"h";"0"
"85";"d";"0"
"86";"d";"0"
"87";"i";"0"
"88";"h";"0"
"89";"h";"0"
"90";"d";"0"
"91";"d";"0"
"92";"i";"0"
"93";"h";"0"
"94";"h";"0"
"95";"d";"0"
